"0","df_var <- df_var %>%"
"0","  group_by(distancia, condicion,freq) %>%"
"0","  summarise(var_bias,"
"0","            value_sd = sd(var_bias, na.rm = TRUE),"
"0","            media = mean(var_bias, na.rm = TRUE),"
"0","            coef = value_sd/media,"
"0","    .groups = ""drop"""
"0","  )"
"2","Aviso: Returning more (or less) than 1 row per `summarise()` group was deprecated in dplyr 1.1.0.
Please use `reframe()` instead.
When switching from `summarise()` to `reframe()`, remember that `reframe()` always returns an ungrouped data frame and adjust accordingly."
