"0","modelo_combinado <- lmer(log_respuesta ~ log_distancia * condicion * freq +
                           (1 + log_distancia | nsub) +
                           (0 + condicion | nsub),
                         data = data_clean,
                         control = lmerControl(optimizer = ""bobyqa""))
"
"2","Aviso: Model failed to converge with 1 negative eigenvalue: -1.4e-04"
"0",""
"0","summary(modelo_combinado)"
"1","Linear mixed model fit by REML. t-tests use Satterthwaite's method ['lmerModLmerTest']
"
"1","Formula:"
"1"," "
"1","log_respuesta ~ log_distancia * condicion * freq + (1 + log_distancia | "
"1"," "
"1","
"
"1","    nsub) + (0 + condicion | nsub)"
"1","
"
"1","   Data:"
"1"," "
"1","data_clean"
"1","
"
"1","Control:"
"1"," "
"1","lmerControl(optimizer = ""bobyqa"")"
"1","
"
"1","
"
"1","REML criterion at convergence:"
"1"," "
"1","9543"
"1","
"
"1","
"
"1","Scaled residuals:"
"1"," "
"1","
"
"1","    Min "
"1","     1Q "
"1"," Median "
"1","     3Q "
"1","    Max "
"1","
"
"1","-7.9955 "
"1","-0.4721 "
"1"," 0.0518 "
"1"," 0.5593 "
"1"," 3.4137 "
"1","
"
"1","
"
"1","Random effects:
"
"1",""
"1"," Groups  "
"1"," Name         "
"1"," Variance"
"1"," Std.Dev."
"1"," Corr "
"1","     "
"1","
"
"1"," nsub    "
"1"," (Intercept)  "
"1"," 0.81206 "
"1"," 0.9011  "
"1","      "
"1","     "
"1","
"
"1","         "
"1"," log_distancia"
"1"," 0.08425 "
"1"," 0.2903  "
"1"," -0.55"
"1","     "
"1","
"
"1"," nsub.1  "
"1"," condicionWW  "
"1"," 0.31384 "
"1"," 0.5602  "
"1","      "
"1","     "
"1","
"
"1","         "
"1"," condicionHH  "
"1"," 0.28709 "
"1"," 0.5358  "
"1"," 0.72 "
"1","     "
"1","
"
"1","         "
"1"," condicionLL  "
"1"," 0.12706 "
"1"," 0.3565  "
"1"," 0.45 "
"1"," 0.14"
"1","
"
"1"," Residual"
"1","              "
"1"," 0.41724 "
"1"," 0.6459  "
"1","      "
"1","     "
"1","
"
"1","Number of obs: 4559, groups: "
"1"," "
"1","nsub, 44"
"1","
"
"1","
Fixed effects:
"
"1","                                "
"1","   Estimate"
"1"," Std. Error"
"1","         df"
"1"," t value"
"1"," Pr(>|t|)"
"1","    "
"1","
(Intercept)                     "
"1","   -0.08475"
"1","    0.23807"
"1","   53.16910"
"1","  -0.356"
"1"," 0.723271"
"1","    "
"1","
log_distancia                   "
"1","    0.92979"
"1","    0.06894"
"1","   52.23136"
"1","  13.488"
"1","  < 2e-16"
"1"," ***"
"1","
condicionHH                     "
"1","   -0.07069"
"1","    0.11970"
"1","   93.43962"
"1","  -0.591"
"1"," 0.556252"
"1","    "
"1","
condicionLL                     "
"1","    1.42016"
"1","    0.13553"
"1","   72.69834"
"1","  10.478"
"1"," 3.52e-16"
"1"," ***"
"1","
freq4k                          "
"1","   -0.39933"
"1","    0.32940"
"1","   53.24143"
"1","  -1.212"
"1"," 0.230746"
"1","    "
"1","
log_distancia:condicionHH       "
"1","   -0.04317"
"1","    0.03844"
"1"," 4387.28931"
"1","  -1.123"
"1"," 0.261497"
"1","    "
"1","
log_distancia:condicionLL       "
"1","   -0.26478"
"1","    0.03789"
"1"," 4381.34594"
"1","  -6.988"
"1"," 3.22e-12"
"1"," ***"
"1","
log_distancia:freq4k            "
"1","    0.04623"
"1","    0.09535"
"1","   52.23629"
"1","   0.485"
"1"," 0.629789"
"1","    "
"1","
condicionHH:freq4k              "
"1","    0.26212"
"1","    0.16528"
"1","   92.65582"
"1","   1.586"
"1"," 0.116157"
"1","    "
"1","
condicionLL:freq4k              "
"1","   -0.75977"
"1","    0.18775"
"1","   73.08543"
"1","  -4.047"
"1"," 0.000128"
"1"," ***"
"1","
log_distancia:condicionHH:freq4k"
"1","    0.04138"
"1","    0.05325"
"1"," 4389.26470"
"1","   0.777"
"1"," 0.437149"
"1","    "
"1","
log_distancia:condicionLL:freq4k"
"1","    0.16353"
"1","    0.05262"
"1"," 4384.36401"
"1","   3.108"
"1"," 0.001898"
"1"," ** "
"1","
"
"1","---
Signif. codes:  "
"1",""
"1","0 ‘***’ 0.001 ‘**’ 0.01 ‘*’ 0.05 ‘.’ 0.1 ‘ ’ 1"
"1","
"
"1","
Correlation of Fixed Effects:
"
"1","           "
"1"," (Intr)"
"1"," lg_dst"
"1"," cndcHH"
"1"," cndcLL"
"1"," freq4k"
"1"," lg_:HH"
"1"," lg_:LL"
"1"," lg_d:4"
"1"," cnHH:4"
"1"," cnLL:4"
"1"," l_:HH:"
"1","
log_distanc"
"1"," -0.501"
"1","       "
"1","       "
"1","       "
"1","       "
"1","       "
"1","       "
"1","       "
"1","       "
"1","       "
"1","       "
"1","
condicionHH"
"1"," -0.273"
"1","  0.163"
"1","       "
"1","       "
"1","       "
"1","       "
"1","       "
"1","       "
"1","       "
"1","       "
"1","       "
"1","
condicionLL"
"1"," -0.425"
"1","  0.145"
"1","  0.293"
"1","       "
"1","       "
"1","       "
"1","       "
"1","       "
"1","       "
"1","       "
"1","       "
"1","
freq4k     "
"1"," -0.723"
"1","  0.362"
"1","  0.197"
"1","  0.307"
"1","       "
"1","       "
"1","       "
"1","       "
"1","       "
"1","       "
"1","       "
"1","
lg_dstnc:HH"
"1","  0.147"
"1"," -0.278"
"1"," -0.590"
"1"," -0.258"
"1"," -0.106"
"1","       "
"1","       "
"1","       "
"1","       "
"1","       "
"1","       "
"1","
lg_dstnc:LL"
"1","  0.150"
"1"," -0.284"
"1"," -0.297"
"1"," -0.512"
"1"," -0.108"
"1","  0.506"
"1","       "
"1","       "
"1","       "
"1","       "
"1","       "
"1","
lg_dstnc:f4"
"1","  0.362"
"1"," -0.723"
"1"," -0.118"
"1"," -0.104"
"1"," -0.502"
"1","  0.201"
"1","  0.205"
"1","       "
"1","       "
"1","       "
"1","       "
"1","
cndcnHH:fr4"
"1","  0.197"
"1"," -0.118"
"1"," -0.724"
"1"," -0.212"
"1"," -0.274"
"1","  0.427"
"1","  0.215"
"1","  0.165"
"1","       "
"1","       "
"1","       "
"1","
cndcnLL:fr4"
"1","  0.307"
"1"," -0.104"
"1"," -0.212"
"1"," -0.722"
"1"," -0.425"
"1","  0.186"
"1","  0.369"
"1","  0.145"
"1","  0.296"
"1","       "
"1","       "
"1","
lg_dst:HH:4"
"1"," -0.106"
"1","  0.201"
"1","  0.426"
"1","  0.186"
"1","  0.148"
"1"," -0.722"
"1"," -0.365"
"1"," -0.278"
"1"," -0.587"
"1"," -0.259"
"1","       "
"1","
lg_dst:LL:4"
"1"," -0.108"
"1","  0.204"
"1","  0.214"
"1","  0.369"
"1","  0.150"
"1"," -0.364"
"1"," -0.720"
"1"," -0.282"
"1"," -0.298"
"1"," -0.513"
"1","  0.504"
"1","
"
"0","anova(modelo_combinado)"
"1","Type III Analysis of Variance Table with Satterthwaite's method"
"1","
"
"1","                            "
"1","  Sum Sq"
"1"," Mean Sq"
"1"," NumDF"
"1","  DenDF"
"1","  F value"
"1","    Pr(>F)"
"1","    "
"1","
log_distancia               "
"1"," 160.300"
"1"," 160.300"
"1","     1"
"1","   41.9"
"1"," 384.1896"
"1"," < 2.2e-16"
"1"," ***"
"1","
condicion                   "
"1","  54.197"
"1","  27.099"
"1","     2"
"1","   76.4"
"1","  64.9473"
"1"," < 2.2e-16"
"1"," ***"
"1","
freq                        "
"1","   1.481"
"1","   1.481"
"1","     1"
"1","   45.3"
"1","   3.5496"
"1","  0.065993"
"1"," .  "
"1","
log_distancia:condicion     "
"1","  24.146"
"1","  12.073"
"1","     2"
"1"," 4384.5"
"1","  28.9350"
"1"," 3.280e-13"
"1"," ***"
"1","
log_distancia:freq          "
"1","   0.672"
"1","   0.672"
"1","     1"
"1","   41.9"
"1","   1.6109"
"1","  0.211367"
"1","    "
"1","
condicion:freq              "
"1","  10.371"
"1","   5.186"
"1","     2"
"1","   76.4"
"1","  12.4286"
"1"," 2.123e-05"
"1"," ***"
"1","
log_distancia:condicion:freq"
"1","   4.378"
"1","   2.189"
"1","     2"
"1"," 4384.5"
"1","   5.2458"
"1","  0.005303"
"1"," ** "
"1","
"
"1","---
Signif. codes:  "
"1",""
"1","0 ‘***’ 0.001 ‘**’ 0.01 ‘*’ 0.05 ‘.’ 0.1 ‘ ’ 1"
"1","
"
"0","##partial eta sq"
"0","effectsize::eta_squared(modelo_combinado, partial = TRUE)"
"2","Aviso: Model failed to converge with 1 negative eigenvalue: -1.4e-04"
"1","[34m# Effect Size for ANOVA (Type III)[39m

Parameter                    | Eta2 (partial) |       95% CI
------------------------------------------------------------
log_distancia                |           0.90 | [0.85, 1.00]
condicion                    |           0.63 | [0.52, 1.00]
freq                         |           0.07 | [0.00, 1.00]
log_distancia:condicion      |           0.01 | [0.01, 1.00]
log_distancia:freq           |           0.04 | [0.00, 1.00]
condicion:freq               |           0.25 | [0.11, 1.00]
log_distancia:condicion:freq |       2.39e-03 | [0.00, 1.00]
[36m
- One-sided CIs: upper bound fixed at [1.00].[39m"
"0","#Rsq"
"0","r.squaredGLMM(modelo_combinado)  "
"1","    "
"1","       R2m"
"1","       R2c"
"1","
[1,]"
"1"," 0.3837155"
"1"," 0.8007518"
"1","
"
